{

  "Location": {
    "Type": "string",
    "maxValue": "",
    "minValue": "",
    "Required": "true"

  },
  "AssetType": {
    "Type": "int",
    "maxValue": "10",
    "minValue": "1",
    "Required": "true"
  },
  "Make": {
    "Type": "string",
    "maxValue": "10",
    "minValue": "1",
    "Required": "true"
  },
  "Model": {
    "Type": "string",
    "maxValue": "10",
    "minValue": "1",
    "Required": "true"
  },
  "Asset Tag": {
    "Type": "string",
    "maxValue": "10",
    "minValue": "1",
    "Required": "true"
  },
  "SerialNo": {
    "Text": "GSS LOB",
    "Tooltip": "GSS LOB",
    "Placeholder": "GSS LOB"
  },
  "Host Name": {
    "Type": "string",
    "maxValue": "10",
    "minValue": "1",
    "Required": "true"
  }
}
